-- Creación de las tablas maestras
use poh;

INSERT INTO PAIS (ID, NOMBRE) VALUES (1, 'ESPAÑA');

INSERT INTO PROVINCIA (ID, NOMBRE, PAIS_ID) VALUES (2, 'SEVILLA', 1);

INSERT INTO MUNICIPIO (ID, NOMBRE, PROVINCIA_ID) VALUES (3, 'ECIJA',  2);

INSERT INTO CALLE (ID, MUNICIPIO_ID, NOMBRE) VALUES (4, 3, 'CALLE SALTO');
INSERT INTO CALLE (ID, MUNICIPIO_ID, NOMBRE) VALUES (5, 3, 'AVENIDA DE LOS EMIGRANTES');
INSERT INTO CALLE (ID, MUNICIPIO_ID, NOMBRE) VALUES (6, 3, 'RONDA DEL FERROCARRIL');

INSERT INTO NUMERACION(ID, CALLE_ID, NUMERO) VALUES(7, 4, 8);
INSERT INTO NUMERACION(ID, CALLE_ID, NUMERO) VALUES(8, 4, 9);
INSERT INTO NUMERACION(ID, CALLE_ID, NUMERO) VALUES(9, 4, 10);

INSERT INTO NUMERACION(ID, CALLE_ID, NUMERO) VALUES(10, 5, 33);
INSERT INTO NUMERACION(ID, CALLE_ID, NUMERO) VALUES(11, 5, 35);
INSERT INTO NUMERACION(ID, CALLE_ID, NUMERO) VALUES(12, 5, 37);

INSERT INTO NUMERACION(ID, CALLE_ID, NUMERO) VALUES(13, 6, 94);
INSERT INTO NUMERACION(ID, CALLE_ID, NUMERO) VALUES(14, 6, 96);
INSERT INTO NUMERACION(ID, CALLE_ID, NUMERO) VALUES(15, 6, 98);

INSERT INTO HOJA(ID, NUMERACION_ID, HOJA) VALUES (16,  7, 1 );
INSERT INTO HOJA(ID, NUMERACION_ID, HOJA) VALUES (17,  8,  1);
INSERT INTO HOJA(ID, NUMERACION_ID, HOJA) VALUES (18,  9,  1);
INSERT INTO HOJA(ID, NUMERACION_ID, HOJA) VALUES (19,  10,  1);
INSERT INTO HOJA(ID, NUMERACION_ID, HOJA) VALUES (20,  11,  1);
INSERT INTO HOJA(ID, NUMERACION_ID, HOJA) VALUES (21,  12, 1);
INSERT INTO HOJA(ID, NUMERACION_ID, HOJA) VALUES (22,  13,  1);
INSERT INTO HOJA(ID, NUMERACION_ID, HOJA) VALUES (23,  14,  1);
INSERT INTO HOJA(ID, NUMERACION_ID, HOJA) VALUES (24,  15,  1);

INSERT INTO IDENTIFICACION (ID, CODIGO_TARJETA, NOMBRE_TARJETA) VALUES (22, 0, 'MENOR DE EDAD');
INSERT INTO IDENTIFICACION (ID, CODIGO_TARJETA, NOMBRE_TARJETA) VALUES (23, 1, 'NIF');
INSERT INTO IDENTIFICACION (ID, CODIGO_TARJETA, NOMBRE_TARJETA) VALUES (24,  2, 'TARJETA DE EXTRANJERÍA');